,precision,recall,f1-score,support
0,0.9970556745182013,0.9504975759122225,0.9732201175702155,3919.0
1,0.09767441860465116,0.65625,0.1700404858299595,32.0
accuracy,0.9481144014173627,0.9481144014173627,0.9481144014173627,0.9481144014173627
macro avg,0.5473650465614263,0.8033737879561113,0.5716303017000876,3951.0
weighted avg,0.9897713920101695,0.9481144014173627,0.9667149927370877,3951.0
