,precision,recall,f1-score,support,specificity,ROC-AUC
0,0.9790527018012009,0.9661619486504279,0.9725646123260439,7595.0,0.9661619486504279,0.4112602684832699
1,0.01532567049808429,0.024844720496894408,0.01895734597156398,161.0,0.9661619486504279,0.4112602684832699
accuracy,0.946621970087674,0.946621970087674,0.946621970087674,0.946621970087674,0.9661619486504279,0.4112602684832699
macro avg,0.4971891861496426,0.4955033345736612,0.4957609791488039,7756.0,0.9661619486504279,0.4112602684832699
weighted avg,0.9590475377940061,0.946621970087674,0.9527695156417902,7756.0,0.9661619486504279,0.4112602684832699
