,precision,recall,f1-score,support,specificity,ROC-AUC
0,0.9628482972136223,0.6142198815009875,0.75,7595.0,0.6142198815009875,0.5974511407691131
1,0.06865861411315957,0.5454545454545454,0.12196499153020893,396.0,0.6142198815009875,0.5974511407691131
accuracy,0.6108121636841447,0.6108121636841447,0.6108121636841447,0.6108121636841447,0.6142198815009875,0.5974511407691131
macro avg,0.5157534556633909,0.5798372134777665,0.43598249576510445,7991.0,0.6142198815009875,0.5974511407691131
weighted avg,0.9185360566294922,0.6108121636841447,0.7188772539914857,7991.0,0.6142198815009875,0.5974511407691131
