,precision,recall,f1-score,support,specificity,ROC-AUC
0,0.9568773234200744,0.5083607636603028,0.6639724849527084,7595.0,0.5083607636603028,0.564666081486358
1,0.05611729019211325,0.5606060606060606,0.10202205882352942,396.0,0.5083607636603028,0.564666081486358
accuracy,0.5109498185458641,0.5109498185458641,0.5109498185458641,0.5109498185458641,0.5083607636603028,0.564666081486358
macro avg,0.5064973068060938,0.5344834121331816,0.38299727188811894,7991.0,0.5083607636603028,0.564666081486358
weighted avg,0.9122394842061746,0.5109498185458641,0.6361246099999923,7991.0,0.5083607636603028,0.564666081486358
