precision,recall,f1-score,support,specificity,ROC-AUC
0.9539429341720962,0.5590520078999341,0.7049643035032376,7595.0,0.5590520078999341,0.5482863526642329
0.053954802259887004,0.4823232323232323,0.09705284552845529,396.0,0.5590520078999341,0.5482863526642329
0.5552496558628457,0.5552496558628457,0.5552496558628457,0.5552496558628457,0.5590520078999341,0.5482863526642329
0.5039488682159916,0.5206876201115832,0.4010085745158464,7991.0,0.5590520078999341,0.5482863526642329
0.9093433471069936,0.5552496558628457,0.6748387951365734,7991.0,0.5590520078999341,0.5482863526642329
