,precision,recall,f1-score,support,specificity,ROC-AUC
0,0.9566917728852838,0.869651086240948,0.9110973170563488,7595.0,0.869651086240948,0.5402308137331179
1,0.08923643054277829,0.24494949494949494,0.13081591368846932,396.0,0.869651086240948,0.5402308137331179
accuracy,0.8386935302214992,0.8386935302214992,0.8386935302214992,0.8386935302214992,0.869651086240948,0.5402308137331179
macro avg,0.5229641017140311,0.5573002905952215,0.520956615372409,7991.0,0.869651086240948,0.5402308137331179
weighted avg,0.9137043726140247,0.8386935302214992,0.8724298867305221,7991.0,0.869651086240948,0.5402308137331179
