,precision,recall,f1-score,support,specificity,ROC-AUC
0,0.9997119400835374,0.9138907175773535,0.954876874398129,7595.0,0.9138907175773535,0.3231731402238315
1,0.0,0.0,0.0,2.0,0.9138907175773535,0.3231731402238315
accuracy,0.9136501250493616,0.9136501250493616,0.9136501250493616,0.9136501250493616,0.9138907175773535,0.3231731402238315
macro avg,0.4998559700417687,0.45694535878867676,0.4774384371990645,7597.0,0.9138907175773535,0.3231731402238315
weighted avg,0.9994487541048396,0.9136501250493616,0.9546254917801487,7597.0,0.9138907175773535,0.3231731402238315
