,precision,recall,f1-score,support
0,0.9988992845349477,0.9286262471220261,0.9624817711785763,3909.0
1,0.11987381703470032,0.9047619047619048,0.2116991643454039,42.0
accuracy,0.9283725639078714,0.9283725639078714,0.9283725639078714,0.9283725639078714
macro avg,0.559386550784824,0.9166940759419655,0.58709046776199,3951.0
weighted avg,0.9895550502562814,0.9283725639078714,0.9545007867475479,3951.0
