,precision,recall,f1-score,support,specificity,ROC-AUC
0,1.0,0.7967083607636603,0.886853290341492,7595.0,0.7967083607636603,0.9178406846609611
1,0.0006472491909385113,1.0,0.0012936610608020697,1.0,0.7967083607636603,0.9178406846609611
accuracy,0.7967351237493417,0.7967351237493417,0.7967351237493417,0.7967351237493417,0.7967083607636603,0.9178406846609611
macro avg,0.5003236245954693,0.8983541803818301,0.444073475701147,7596.0,0.7967083607636603,0.9178406846609611
weighted avg,0.9998684369733006,0.7967351237493417,0.8867367079785008,7596.0,0.7967083607636603,0.9178406846609611
