,precision,recall,f1-score,support
0,0.9988773505472917,0.910230179028133,0.9524956510103039,3910.0
1,0.09536082474226804,0.9024390243902439,0.17249417249417248,41.0
accuracy,0.9101493292837256,0.9101493292837256,0.9101493292837256,0.9101493292837256
macro avg,0.5471190876447798,0.9063346017091884,0.5624949117522382,3951.0
weighted avg,0.989501451393152,0.9101493292837256,0.9444014822886735,3951.0
