,precision,recall,f1-score,support,specificity,ROC-AUC
0,0.9992354740061162,1.0,0.9996175908221797,1307.0,1.0,0.9984697781178271
1,0.0,0.0,0.0,1.0,1.0,0.9984697781178271
accuracy,0.9992354740061162,0.9992354740061162,0.9992354740061162,0.9992354740061162,1.0,0.9984697781178271
macro avg,0.4996177370030581,0.5,0.49980879541108986,1308.0,1.0,0.9984697781178271
weighted avg,0.9984715325122278,0.9992354740061162,0.9988533571900526,1308.0,1.0,0.9984697781178271
