,precision,recall,f1-score,support
0,0.99786438868126,0.9528422125924038,0.9748337462511409,3923.0
1,0.0975609756097561,0.7142857142857143,0.1716738197424893,28.0
accuracy,0.9511516071880537,0.9511516071880537,0.9511516071880537,0.9511516071880537
macro avg,0.5477126821455081,0.833563963439059,0.5732537829968152,3951.0
weighted avg,0.9914841063309684,0.9511516071880537,0.9691419016694547,3951.0
