,precision,recall,f1-score,support,specificity,ROC-AUC
0,0.9837164750957854,0.7857689364957919,0.8736707783921737,1307.0,0.7857689364957919,0.6733150170411074
1,0.08794788273615635,0.6136363636363636,0.15384615384615383,44.0,0.7857689364957919,0.6733150170411074
accuracy,0.7801628423390081,0.7801628423390081,0.7801628423390081,0.7801628423390081,0.7857689364957919,0.6733150170411074
macro avg,0.5358321789159709,0.6997026500660778,0.5137584661191638,1351.0,0.7857689364957919,0.6733150170411074
weighted avg,0.9545426645378108,0.7801628423390081,0.8502271932848272,1351.0,0.7857689364957919,0.6733150170411074
