,precision,recall,f1-score,support,specificity,ROC-AUC
0,0.9877791188895595,0.8620144832126398,0.9206215285101597,7595.0,0.8620144832126398,0.7294838709677418
1,0.06177260519247986,0.46,0.10891870560378847,150.0,0.8620144832126398,0.7294838709677418
accuracy,0.8542285345384119,0.8542285345384119,0.8542285345384119,0.8542285345384119,0.8620144832126398,0.7294838709677418
macro avg,0.5247758620410197,0.66100724160632,0.5147701170569741,7745.0,0.8620144832126398,0.7294838709677418
weighted avg,0.9698448416714108,0.8542285345384119,0.9049010090219795,7745.0,0.8620144832126398,0.7294838709677418
