,precision,recall,f1-score,support,specificity,ROC-AUC
0,1.0,0.9992348890589136,0.9996172981247609,1307.0,,
1,0.0,0.0,0.0,0.0,,
accuracy,0.9992348890589136,0.9992348890589136,0.9992348890589136,0.9992348890589136,,
macro avg,0.5,0.4996174445294568,0.49980864906238043,1307.0,,
weighted avg,1.0,0.9992348890589136,0.999617298124761,1307.0,,
