,precision,recall,f1-score,support,specificity,ROC-AUC
0,0.9827257889009793,0.9512837393021725,0.966749180437546,7595.0,0.9512837393021725,0.6125417588393802
1,0.08415841584158416,0.2111801242236025,0.12035398230088494,161.0,0.9512837393021725,0.6125417588393802
accuracy,0.9359205776173285,0.9359205776173285,0.9359205776173285,0.9359205776173285,0.9512837393021725,0.6125417588393802
macro avg,0.5334421023712818,0.5812319317628875,0.5435515813692154,7756.0,0.9512837393021725,0.6125417588393802
weighted avg,0.9640732170775442,0.9359205776173285,0.9491796050249619,7756.0,0.9512837393021725,0.6125417588393802
