,precision,recall,f1-score,support
0,0.9973067600323189,0.9448838989538147,0.9703878406708595,3919.0
1,0.09243697478991597,0.6875,0.16296296296296295,32.0
accuracy,0.9427992913186535,0.9427992913186535,0.9427992913186535,0.9427992913186535
macro avg,0.5448718674111175,0.8161919494769074,0.5666754018169112,3951.0
weighted avg,0.9899780247430866,0.9427992913186535,0.9638483326762626,3951.0
