,precision,recall,f1-score,support,specificity,ROC-AUC
0,0.985497905252981,0.8052666227781435,0.8863125860444896,7595.0,0.8052666227781435,0.7086504279131006
1,0.03898635477582846,0.4,0.07104795737122557,150.0,0.8052666227781435,0.7086504279131006
accuracy,0.7974176888315042,0.7974176888315042,0.7974176888315042,0.7974176888315042,0.8052666227781435,0.7086504279131006
macro avg,0.5122421300144047,0.6026333113890718,0.4786802717078576,7745.0,0.8052666227781435,0.7086504279131006
weighted avg,0.9671665001436753,0.7974176888315042,0.8705230838752204,7745.0,0.8052666227781435,0.7086504279131006
