,precision,recall,f1-score,support,specificity,ROC-AUC
0,0.9925880172946263,0.6347597103357472,0.7743334404111789,7595.0,0.6347597103357472,0.7647079218784288
1,0.039473684210526314,0.76,0.07504937458854509,150.0,0.6347597103357472,0.7647079218784288
accuracy,0.6371852808263396,0.6371852808263396,0.6371852808263396,0.6371852808263396,0.6347597103357472,0.7647079218784288
macro avg,0.5160308507525763,0.6973798551678736,0.424691407499862,7745.0,0.6347597103357472,0.7647079218784288
weighted avg,0.9741287338908026,0.6371852808263396,0.7607901725127417,7745.0,0.6347597103357472,0.7647079218784288
