,precision,recall,f1-score,support,specificity,ROC-AUC
0,0.9846311475409836,0.7352716143840857,0.841874726237407,1307.0,0.7352716143840857,0.7354455032343326
1,0.07733333333333334,0.6590909090909091,0.13842482100238665,44.0,0.7352716143840857,0.7354455032343326
accuracy,0.7327905255366395,0.7327905255366395,0.7327905255366395,0.7327905255366395,0.7352716143840857,0.7354455032343326
macro avg,0.5309822404371585,0.6971812617374974,0.4901497736198968,1351.0,0.7352716143840857,0.7354455032343326
weighted avg,0.955081847892474,0.7327905255366395,0.8189644406487017,1351.0,0.7352716143840857,0.7354455032343326
