,precision,recall,f1-score,support,specificity,ROC-AUC
0,0.9878354894767329,0.6736010533245557,0.8010020353843746,7595.0,0.6736010533245557,0.7196655694535878
1,0.033904910366328915,0.58,0.06406480117820323,150.0,0.6736010533245557,0.7196655694535878
accuracy,0.6717882504841833,0.6717882504841833,0.6717882504841833,0.6717882504841833,0.6736010533245557,0.7196655694535878
macro avg,0.5108701999215309,0.6268005266622778,0.43253341828128894,7745.0,0.6736010533245557,0.7196655694535878
weighted avg,0.9693603975636844,0.6717882504841833,0.7867295260065921,7745.0,0.6736010533245557,0.7196655694535878
