,precision,recall,f1-score,support,specificity,ROC-AUC
0,0.9854743531547889,0.857537853851218,0.9170656153196283,7595.0,0.857537853851218,0.647013385999561
1,0.04753521126760563,0.36,0.08398133748055989,150.0,0.857537853851218,0.647013385999561
accuracy,0.8479018721755972,0.8479018721755972,0.8479018721755972,0.8479018721755972,0.857537853851218,0.647013385999561
macro avg,0.5165047822111973,0.6087689269256089,0.5005234764000941,7745.0,0.857537853851218,0.647013385999561
weighted avg,0.9673089727438041,0.8479018721755972,0.9009309940574125,7745.0,0.857537853851218,0.647013385999561
