,precision,recall,f1-score,support
0,0.997856951513528,0.949528422125924,0.973092998955068,3923.0
1,0.09174311926605505,0.7142857142857143,0.16260162601626016,28.0
accuracy,0.9478613009364718,0.9478613009364718,0.9478613009364718,0.9478613009364718
macro avg,0.5448000353897915,0.8319070682058192,0.567847312485664,3951.0
weighted avg,0.9914354918063831,0.9478613009364718,0.967349197780103,3951.0
