,precision,recall,f1-score,support,specificity,ROC-AUC
0,0.9924988968966024,0.8884792626728111,0.9376128942614979,7595.0,0.8884792626728111,0.602242076554124
1,0.021939953810623556,0.2714285714285714,0.0405982905982906,70.0,0.8884792626728111,0.602242076554124
accuracy,0.8828440965427267,0.8828440965427267,0.8828440965427267,0.8828440965427267,0.8884792626728111,0.602242076554124
macro avg,0.507219425353613,0.5799539170506912,0.4891055924298942,7665.0,0.8884792626728111,0.602242076554124
weighted avg,0.9836353449049495,0.8828440965427267,0.9294209800727927,7665.0,0.8884792626728111,0.602242076554124
