,precision,recall,f1-score,support
0,0.996228604583696,0.8928757150286012,0.9417249417249418,3846.0
1,0.18253968253968253,0.8761904761904762,0.30213464696223313,105.0
accuracy,0.8924322956213617,0.8924322956213617,0.8924322956213617,0.8924322956213617
macro avg,0.5893841435616892,0.8845330956095387,0.6219297943435875,3951.0
weighted avg,0.9746043735498764,0.8924322956213617,0.9247274775512935,3951.0
