,precision,recall,f1-score,support,specificity,ROC-AUC
0,0.9918677859391396,0.9956550362080316,0.9937578027465668,7595.0,0.9956550362080316,0.7378576130913195
1,0.1951219512195122,0.11428571428571428,0.14414414414414414,70.0,0.9956550362080316,0.7378576130913195
accuracy,0.9876060013046314,0.9876060013046314,0.9876060013046314,0.9876060013046314,0.9956550362080316,0.7378576130913195
macro avg,0.5934948685793259,0.554970375246873,0.5689509734453555,7665.0,0.9956550362080316,0.7378576130913195
weighted avg,0.9845915682704672,0.9876060013046314,0.9859987739008825,7665.0,0.9956550362080316,0.7378576130913195
