,precision,recall,f1-score,support,specificity,ROC-AUC
0,0.9930965051057098,0.9091507570770243,0.9492713775089359,7595.0,0.9091507570770243,0.7187811530142011
1,0.03089887640449438,0.3142857142857143,0.05626598465473145,70.0,0.9091507570770243,0.7187811530142011
accuracy,0.9037181996086106,0.9037181996086106,0.9037181996086106,0.9037181996086106,0.9091507570770243,0.7187811530142011
macro avg,0.511997690755102,0.6117182356813693,0.5027686810818337,7665.0,0.9091507570770243,0.7187811530142011
weighted avg,0.9843093121495343,0.9037181996086106,0.9411160771175733,7665.0,0.9091507570770243,0.7187811530142011
