,precision,recall,f1-score,support,specificity,ROC-AUC
0,0.9935190292333149,0.9486504279131007,0.970566444399542,7595.0,0.9486504279131007,0.7465437788018434
1,0.05569007263922518,0.32857142857142857,0.09523809523809523,70.0,0.9486504279131007,0.7465437788018434
accuracy,0.9429876060013046,0.9429876060013046,0.9429876060013046,0.9429876060013046,0.9486504279131007,0.7465437788018434
macro avg,0.52460455093627,0.6386109282422646,0.5329022698188186,7665.0,0.9486504279131007,0.7465437788018434
weighted avg,0.9849543812278894,0.9429876060013046,0.9625725781971545,7665.0,0.9486504279131007,0.7465437788018434
