,precision,recall,f1-score,support,specificity,ROC-AUC
0,0.9820934825543121,0.9820934825543121,0.9820934825543121,7595.0,0.9820934825543121,0.7027465764907446
1,0.15527950310559005,0.15527950310559005,0.15527950310559005,161.0,0.9820934825543121,0.7027465764907446
accuracy,0.9649303764827231,0.9649303764827231,0.9649303764827231,0.9649303764827231,0.9820934825543121,0.7027465764907446
macro avg,0.5686864928299511,0.5686864928299511,0.5686864928299511,7756.0,0.9820934825543121,0.7027465764907446
weighted avg,0.9649303764827231,0.9649303764827231,0.9649303764827231,7756.0,0.9820934825543121,0.7027465764907446
