,precision,recall,f1-score,support,specificity,ROC-AUC
0,0.9793247840879351,0.9853851217906517,0.9823456060904378,7595.0,0.9853851217906517,0.4059265862225475
1,0.02631578947368421,0.018633540372670808,0.02181818181818182,161.0,0.9853851217906517,0.4059265862225475
accuracy,0.9653171738009283,0.9653171738009283,0.9653171738009283,0.9653171738009283,0.9853851217906517,0.4059265862225475
macro avg,0.5028202867808097,0.5020093310816612,0.5020818939543098,7756.0,0.9853851217906517,0.4059265862225475
weighted avg,0.9595421064018993,0.9653171738009283,0.9624068599187213,7756.0,0.9853851217906517,0.4059265862225475
