,precision,recall,f1-score,support,specificity,ROC-AUC
0,0.9805609915198956,0.9895984200131666,0.9850589777195282,7595.0,0.9895984200131666,0.4572565311438139
1,0.13186813186813187,0.07453416149068323,0.09523809523809525,161.0,0.9895984200131666,0.4572565311438139
accuracy,0.9706034038164002,0.9706034038164002,0.9706034038164002,0.9706034038164002,0.9895984200131666,0.4572565311438139
macro avg,0.5562145616940137,0.5320662907519249,0.5401485364788118,7756.0,0.9895984200131666,0.4572565311438139
weighted avg,0.9629437209675576,0.9706034038164002,0.9665879666210869,7756.0,0.9895984200131666,0.4572565311438139
