,precision,recall,f1-score,support
0,0.9973016729627631,0.9430977290125032,0.9694426229508197,3919.0
1,0.08979591836734693,0.6875,0.1588447653429603,32.0
accuracy,0.9410275879524171,0.9410275879524171,0.9410275879524171,0.9410275879524171
macro avg,0.543548795665055,0.8152988645062516,0.56414369414689,3951.0
weighted avg,0.9899515883899831,0.9410275879524171,0.9628774163085896,3951.0
