,precision,recall,f1-score,support,specificity,ROC-AUC
0,0.9791174152876281,0.9815668202764977,0.9803405878098495,7595.0,0.9815668202764977,0.42950944352896436
1,0.014084507042253521,0.012422360248447204,0.013201320132013201,161.0,0.9815668202764977,0.42950944352896436
accuracy,0.9614492006188757,0.9614492006188757,0.9614492006188757,0.9614492006188757,0.9815668202764977,0.42950944352896436
macro avg,0.4966009611649408,0.49699459026247245,0.49677095397093135,7756.0,0.9815668202764977,0.42950944352896436
weighted avg,0.9590851437265779,0.9614492006188757,0.9602645921811579,7756.0,0.9815668202764977,0.42950944352896436
