,precision,recall,f1-score,support,specificity,ROC-AUC
0,0.9994676603673144,0.9888084265964451,0.9941094711761201,7595.0,0.9888084265964451,0.8795260039499672
1,0.022988505747126436,0.3333333333333333,0.04301075268817204,6.0,0.9888084265964451,0.8795260039499672
accuracy,0.9882910143402184,0.9882910143402184,0.9882910143402184,0.9882910143402184,0.9888084265964451,0.8795260039499672
macro avg,0.5112280830572205,0.6610708799648892,0.5185601119321461,7601.0,0.9888084265964451,0.8795260039499672
weighted avg,0.9986968571930319,0.9882910143402184,0.9933587025521329,7601.0,0.9888084265964451,0.8795260039499672
