,precision,recall,f1-score,support
0,0.999429874572406,0.8978233034571063,0.9459058410899771,3905.0
1,0.09932279909706546,0.9565217391304348,0.17995910020449893,46.0
accuracy,0.8985067071627436,0.8985067071627436,0.8985067071627436,0.8985067071627436
macro avg,0.5493763368347357,0.9271725212937705,0.5629324706472381,3951.0
weighted avg,0.9889502680242243,0.8985067071627436,0.9369882126210498,3951.0
