,precision,recall,f1-score,support
0,0.18506834910620398,0.8341232227488151,0.30292598967297757,211.0
1,0.1111111111111111,0.8214285714285714,0.1957446808510638,28.0
2,0.11931818181818182,0.65625,0.20192307692307693,32.0
3,0.11370262390670553,0.8478260869565217,0.2005141388174807,46.0
4,0.976693051890941,0.6111722619702806,0.7518618821936357,3634.0
accuracy,0.627689192609466,0.627689192609466,0.627689192609466,0.627689192609466
macro avg,0.3011786635666287,0.7541600286208379,0.3305939536916469,3951.0
weighted avg,0.9112912138350013,0.627689192609466,0.7130725142049209,3951.0
