,precision,recall,f1-score,support
0,0.9986716259298618,0.9581952587305633,0.9780148302328606,3923.0
1,0.12299465240641712,0.8214285714285714,0.21395348837209302,28.0
accuracy,0.9572260187294356,0.9572260187294356,0.9572260187294356,0.9572260187294356
macro avg,0.5608331391681395,0.8898119150795674,0.5959841593024768,3951.0
weighted avg,0.9924658665629531,0.9572260187294356,0.9726000700273173,3951.0
