,precision,recall,f1-score,support
0,0.9986609534011783,0.950548049961764,0.9740107091550215,3923.0
1,0.10599078341013825,0.8214285714285714,0.18775510204081633,28.0
accuracy,0.9496330043027081,0.9496330043027081,0.9496330043027081,0.9496330043027081
macro avg,0.5523258684056583,0.8859883106951677,0.5808829055979189,3951.0
weighted avg,0.9923347664207306,0.9496330043027081,0.9684386623316356,3951.0
