,precision,recall,f1-score,support,specificity,ROC-AUC
0,0.9819513471095997,0.9885450954575379,0.9852371891608162,7595.0,0.9885450954575379,0.5791380294053105
1,0.12121212121212122,0.08,0.09638554216867469,150.0,0.9885450954575379,0.5791380294053105
accuracy,0.9709489993544222,0.9709489993544222,0.9709489993544222,0.9709489993544222,0.9885450954575379,0.5791380294053105
macro avg,0.5515817341608604,0.534272547728769,0.5408113656647454,7745.0,0.9885450954575379,0.5791380294053105
weighted avg,0.9652811232381185,0.9709489993544222,0.9680225026470884,7745.0,0.9885450954575379,0.5791380294053105
