,precision,recall,f1-score,support,specificity,ROC-AUC
0,0.9792979297929792,0.8324407039020658,0.8999172870140613,1307.0,0.8324407039020658,0.6998156778187383
1,0.0875,0.4772727272727273,0.14788732394366197,44.0,0.8324407039020658,0.6998156778187383
accuracy,0.8208734270910437,0.8208734270910437,0.8208734270910437,0.8208734270910437,0.8324407039020658,0.6998156778187383
macro avg,0.5333989648964896,0.6548567155873966,0.5239023054788616,1351.0,0.8324407039020658,0.6998156778187383
weighted avg,0.9502534376309577,0.8208734270910437,0.8754248233759431,1351.0,0.8324407039020658,0.6998156778187383
