,precision,recall,f1-score,support
0,0.9898167006109979,0.8854763144195731,0.9347437834867425,3842.0
1,0.14396887159533073,0.6788990825688074,0.23756019261637237,109.0
accuracy,0.879777271576816,0.879777271576816,0.879777271576816,0.879777271576816
macro avg,0.5668927861031643,0.7821876984941902,0.5861519880515574,3951.0
weighted avg,0.9664814909519983,0.879777271576816,0.9155099157558211,3951.0
