,precision,recall,f1-score,support,specificity,ROC-AUC
0,0.9988372093023256,0.904805793285056,0.9494991364421416,7595.0,0.904805793285056,0.5725058351786463
1,0.004132231404958678,0.2727272727272727,0.00814111261872456,11.0,0.904805793285056,0.5725058351786463
accuracy,0.9038916644754141,0.9038916644754141,0.9038916644754141,0.9038916644754141,0.904805793285056,0.5725058351786463
macro avg,0.5014847203536421,0.5887665330061643,0.47882012453043304,7606.0,0.904805793285056,0.5725058351786463
weighted avg,0.9973986404413118,0.9038916644754141,0.948137719368508,7606.0,0.904805793285056,0.5725058351786463
