,precision,recall,f1-score,support,specificity,ROC-AUC
0,0.9985538684020245,0.7273206056616195,0.8416241334653767,7595.0,0.7273206056616195,0.606966305583817
1,0.0014464802314368371,0.2727272727272727,0.0028776978417266188,11.0,0.7273206056616195,0.606966305583817
accuracy,0.7266631606626348,0.7266631606626348,0.7266631606626348,0.7266631606626348,0.7273206056616195,0.606966305583817
macro avg,0.5000001743167307,0.5000239391944461,0.42225091565355166,7606.0,0.7273206056616195,0.606966305583817
weighted avg,0.9971118251112178,0.7266631606626348,0.8404111160065467,7606.0,0.7273206056616195,0.606966305583817
