,precision,recall,f1-score,support,specificity,ROC-AUC
0,0.9992343032159265,0.9984697781178271,0.9988518943742825,1307.0,0.9984697781178271,0.9854628921193573
1,0.0,0.0,0.0,1.0,0.9984697781178271,0.9854628921193573
accuracy,0.9977064220183486,0.9977064220183486,0.9977064220183486,0.9977064220183486,0.9984697781178271,0.9854628921193573
macro avg,0.4996171516079633,0.49923488905891356,0.49942594718714123,1308.0,0.9984697781178271,0.9854628921193573
weighted avg,0.9984703626171377,0.9977064220183486,0.9980882461369932,1308.0,0.9984697781178271,0.9854628921193573
