,precision,recall,f1-score,support,specificity,ROC-AUC
0,0.9990756431982746,0.8538512179065174,0.9207723981257987,7595.0,0.8538512179065174,0.7759770183733318
1,0.004484304932735426,0.45454545454545453,0.008880994671403197,11.0,0.8538512179065174,0.7759770183733318
accuracy,0.853273731264791,0.853273731264791,0.853273731264791,0.853273731264791,0.8538512179065174,0.7759770183733318
macro avg,0.501779974065505,0.654198336225986,0.46482669639860097,7606.0,0.8538512179065174,0.7759770183733318
weighted avg,0.9976372386859262,0.853273731264791,0.919453596464216,7606.0,0.8538512179065174,0.7759770183733318
