,precision,recall,f1-score,support,specificity,ROC-AUC
0,0.9986800422386484,0.9961816984858459,0.9974293059125963,7595.0,0.9961816984858459,0.6903106110479382
1,0.03333333333333333,0.09090909090909091,0.04878048780487805,11.0,0.9961816984858459,0.6903106110479382
accuracy,0.9948724691033395,0.9948724691033395,0.9948724691033395,0.9948724691033395,0.9961816984858459,0.6903106110479382
macro avg,0.5160066877859909,0.5435453946974684,0.5231048968587372,7606.0,0.9961816984858459,0.6903106110479382
weighted avg,0.9972839320890351,0.9948724691033395,0.9960573446978731,7606.0,0.9961816984858459,0.6903106110479382
