,precision,recall,f1-score,support
0,0.9964860907759883,0.8822919367383977,0.9359185918591858,3857.0
1,0.15298507462686567,0.8723404255319149,0.26031746031746034,94.0
accuracy,0.8820551759048342,0.8820551759048342,0.8820551759048342,0.8820551759048342
macro avg,0.574735582701427,0.8773161811351563,0.5981180260883231,3951.0
weighted avg,0.9764179825709726,0.8820551759048342,0.9198450645585222,3951.0
