,precision,recall,f1-score,support,specificity,ROC-AUC
0,1.0,0.9977046671767407,0.9988510149368058,1307.0,,
1,0.0,0.0,0.0,0.0,,
accuracy,0.9977046671767407,0.9977046671767407,0.9977046671767407,0.9977046671767407,,
macro avg,0.5,0.49885233358837033,0.4994255074684029,1307.0,,
weighted avg,1.0,0.9977046671767407,0.9988510149368057,1307.0,,
