,precision,recall,f1-score,support,specificity,ROC-AUC
0,0.9950630828304992,0.9553653719552337,0.9748102371196345,7595.0,0.9553653719552337,0.7959869431643625
1,0.03418803418803419,0.25,0.060150375939849635,48.0,0.9553653719552337,0.7959869431643625
accuracy,0.9509354965327751,0.9509354965327751,0.9509354965327751,0.9509354965327751,0.9553653719552337,0.7959869431643625
macro avg,0.5146255585092667,0.6026826859776169,0.5174803065297421,7643.0,0.9553653719552337,0.7959869431643625
weighted avg,0.9890285411145711,0.9509354965327751,0.9690659386325706,7643.0,0.9553653719552337,0.7959869431643625
