,precision,recall,f1-score,support
0,0.9860615883306321,0.8133689839572192,0.8914285714285713,3740.0
1,0.19399538106235567,0.7962085308056872,0.31197771587743733,211.0
accuracy,0.812452543659833,0.812452543659833,0.812452543659833,0.812452543659833
macro avg,0.5900284846964938,0.8047887573814532,0.6017031436530044,3951.0
weighted avg,0.943761925021696,0.812452543659833,0.8604834611979236,3951.0
