,precision,recall,f1-score,support,specificity,ROC-AUC
0,0.9933491686460808,0.8259381171823568,0.901941049604601,7595.0,0.8259381171823568,0.6696377530187247
1,0.027225901398086828,0.46835443037974683,0.05146036161335187,79.0,0.8259381171823568,0.6696377530187247
accuracy,0.8222569715923899,0.8222569715923899,0.8222569715923899,0.8222569715923899,0.8259381171823568,0.6696377530187247
macro avg,0.5102875350220838,0.6471462737810518,0.4767007056089764,7674.0,0.8259381171823568,0.6696377530187247
weighted avg,0.9834034117901267,0.8222569715923899,0.8931857753862913,7674.0,0.8259381171823568,0.6696377530187247
