,precision,recall,f1-score,support
0,0.9959325973271353,0.8855592870059417,0.9375085464241761,3871.0
1,0.12966601178781925,0.825,0.22410865874363325,80.0
accuracy,0.8843330802328524,0.8843330802328524,0.8843330802328524,0.8843330802328524
macro avg,0.5627993045574773,0.8552796435029708,0.5808086025839047,3951.0
weighted avg,0.9783923981767569,0.8843330802328524,0.9230635980530185,3951.0
