,precision,recall,f1-score,support,specificity,ROC-AUC
0,1.0,0.991583779648049,0.9957741067998463,1307.0,,
1,0.0,0.0,0.0,0.0,,
accuracy,0.991583779648049,0.991583779648049,0.991583779648049,0.991583779648049,,
macro avg,0.5,0.4957918898240245,0.4978870533999232,1307.0,,
weighted avg,1.0,0.991583779648049,0.9957741067998463,1307.0,,
