,precision,recall,f1-score,support,specificity,ROC-AUC
0,0.9983386404541049,0.9494404213298222,0.9732757457146715,7595.0,0.9494404213298222,0.9254114549045424
1,0.054187192118226604,0.6470588235294118,0.09999999999999999,34.0,0.9494404213298222,0.9254114549045424
accuracy,0.9480928037750688,0.9480928037750688,0.9480928037750688,0.9480928037750688,0.9494404213298222,0.9254114549045424
macro avg,0.5262629162861657,0.798249622429617,0.5366378728573358,7629.0,0.9494404213298222,0.9254114549045424
weighted avg,0.9941308610277817,0.9480928037750688,0.9693838365058238,7629.0,0.9494404213298222,0.9254114549045424
