,precision,recall,f1-score,support,specificity,ROC-AUC
0,0.9994685091682168,0.990388413429888,0.9949077441968124,7595.0,0.990388413429888,0.7489466754443713
1,0.0,0.0,0.0,4.0,0.990388413429888,0.7489466754443713
accuracy,0.9898670877747072,0.9898670877747072,0.9898670877747072,0.9898670877747072,0.990388413429888,0.7489466754443713
macro avg,0.4997342545841084,0.495194206714944,0.4974538720984062,7599.0,0.990388413429888,0.7489466754443713
weighted avg,0.9989424038863807,0.9898670877747072,0.9943840396334768,7599.0,0.990388413429888,0.7489466754443713
