,precision,recall,f1-score,support,specificity,ROC-AUC
0,0.9994704792163093,0.9940750493745886,0.9967654630668692,7595.0,0.9940750493745886,0.5580974325213957
1,0.0,0.0,0.0,4.0,0.9940750493745886,0.5580974325213957
accuracy,0.9935517831293591,0.9935517831293591,0.9935517831293591,0.9935517831293591,0.9940750493745886,0.5580974325213957
macro avg,0.49973523960815464,0.4970375246872943,0.4983827315334346,7599.0,0.9940750493745886,0.5580974325213957
weighted avg,0.9989443728974693,0.9935517831293591,0.9962407806280921,7599.0,0.9940750493745886,0.5580974325213957
