,precision,recall,f1-score,support,specificity,ROC-AUC
0,0.9995863780504619,0.9545753785385122,0.9765624999999999,7595.0,0.9545753785385122,0.5107965766951943
1,0.002890173410404624,0.25,0.005714285714285713,4.0,0.9545753785385122,0.5107965766951943
accuracy,0.9542045005921832,0.9542045005921832,0.9542045005921832,0.9542045005921832,0.9545753785385122,0.5107965766951943
macro avg,0.5012382757304332,0.6022876892692561,0.4911383928571428,7599.0,0.9545753785385122,0.5107965766951943
weighted avg,0.9990617320682852,0.9542045005921832,0.9760514600135355,7599.0,0.9545753785385122,0.5107965766951943
