,precision,recall,f1-score,support
0,0.9986349986349986,0.936028659160696,0.9663188482366926,3908.0
1,0.13194444444444445,0.8837209302325582,0.22960725075528704,43.0
accuracy,0.935459377372817,0.935459377372817,0.935459377372817,0.935459377372817
macro avg,0.5652897215397216,0.909874794696627,0.5979630494959898,3951.0
weighted avg,0.9892025274048813,0.935459377372817,0.9583009796738728,3951.0
