,precision,recall,f1-score,support,specificity,ROC-AUC
0,0.9995749504108813,0.9289005924950625,0.9629427421005936,7595.0,0.9289005924950625,0.551909150757077
1,0.0018484288354898336,0.25,0.0036697247706422016,4.0,0.9289005924950625,0.551909150757077
accuracy,0.9285432293722858,0.9285432293722858,0.9285432293722858,0.9285432293722858,0.9289005924950625,0.551909150757077
macro avg,0.5007116896231856,0.5894502962475312,0.4833062334356179,7599.0,0.9289005924950625,0.551909150757077
weighted avg,0.9990497620852725,0.9285432293722858,0.9624377951247652,7599.0,0.9289005924950625,0.551909150757077
